zone_accuracy,zone_macro_f1,zone_count
0.7333333333333333,0.7273061881757534,4
