FeatureGroup,Model,Validation,accuracy,macro_f1,balanced_accuracy,precision_Normal,recall_Normal,f1_Normal,support_Normal,precision_LoadSwitch,recall_LoadSwitch,f1_LoadSwitch,support_LoadSwitch,precision_SLG_Fault,recall_SLG_Fault,f1_SLG_Fault,support_SLG_Fault,precision_ThreePhase_Fault,recall_ThreePhase_Fault,f1_ThreePhase_Fault,support_ThreePhase_Fault,Fault_precision,Normal_false_alarm_rate,LoadSwitch_recall,LoadSwitch_to_Fault_count
All_features,RandomForest,LOO,0.967741935483871,0.7380952380952381,0.75,0.0,0.0,0.0,3,1.0,1.0,1.0,30,0.9090909090909091,1.0,0.9523809523809523,30,1.0,1.0,1.0,30,0.9523809523809523,1.0,1.0,0
All_features,LogisticRegression,LOO,0.8709677419354839,0.6613688953842406,0.675,0.0,0.0,0.0,3,1.0,0.7,0.8235294117647058,30,0.9090909090909091,1.0,0.9523809523809523,30,0.7692307692307693,1.0,0.8695652173913043,30,0.8333333333333334,1.0,0.7,9
All_features,LinearSVC,LOO,0.8602150537634409,0.6603955014841757,0.6666666666666666,0.0,0.0,0.0,3,1.0,0.7,0.8235294117647058,30,0.9090909090909091,1.0,0.9523809523809523,30,0.7837837837837838,0.9666666666666667,0.8656716417910447,30,0.8428571428571429,1.0,0.7,8
All_features,DecisionTree,LOO,0.6774193548387096,0.5416666666666667,0.75,0.09090909090909091,1.0,0.16666666666666666,3,1.0,1.0,1.0,30,0.0,0.0,0.0,30,1.0,1.0,1.0,30,1.0,0.0,1.0,0
