ObservedBus,feature_count,total_importance
11,3,0.01220959614861314
1,3,0.010551428644331569
5,2,0.010127145417446894
12,2,0.010068789380041876
18,2,0.009476517272039905
8,2,0.008985403438587395
26,2,0.008660968338434216
15,2,0.00810688447946097
14,2,0.008025801432162595
7,2,0.007579145642568735
25,2,0.006970596737592713
16,1,0.006298211586267639
28,1,0.004895893456405171
21,1,0.004819572590013524
29,1,0.003930641461309659
24,1,0.0036613253056476326
2,1,0.003375598364535776
