ObservedBus,feature_count,total_importance
5,4,0.017499999999999995
13,4,0.016250000000000004
6,3,0.012499999999999995
1,2,0.008749999999999997
11,2,0.008749999999999997
25,2,0.007499999999999998
23,2,0.007499999999999996
7,1,0.006249999999999999
16,1,0.005000000000000004
9,1,0.005000000000000001
30,1,0.005000000000000001
26,1,0.005
27,1,0.0049999999999999975
19,1,0.0037500000000000033
28,1,0.003750000000000002
15,1,0.003749999999999999
10,1,0.0037499999999999977
18,1,0.0037499999999999977
